Issue Severity,Endpoint,Section,Tree,Field Path,Field Name,Type,YML Description,Real Description (from code),Code Reference,Match?,Notes
ℹ️ MEJORABLE,CALCULATE_DISCOUNTS,REQUEST,action,action,action,string,"Action name.","Fixed value 'CALCULATE_DISCOUNTS'. Identifies the request type to the external discounts system. Defined in TicketUtils.js → getCalculateDiscountsAction().","TicketUtils.js#L75 → getCalculateDiscountsAction() devuelve 'CALCULATE_DISCOUNTS'; TicketUtils.js#L230 → buildRequest() lo asigna a commonRequestData.action",Parcial,"La descripción del YML es genérica ('Action name'). En realidad siempre es el valor fijo 'CALCULATE_DISCOUNTS' para este endpoint."
✅ OK,CALCULATE_DISCOUNTS,REQUEST,terminal,terminal,terminal,object,"Common terminal object (injected from commonClientAPIProperties-schema)","Terminal object built in createRequestHeader() with terminal.searchKey, context.user.username, terminal.language_string, terminal.groupBusinessUnitSK, terminal.terminalType.name.","TicketUtils.js#L196-L203 → createRequestHeader() construye terminal con ID, operator, locale, businessUnit, touchpointType",OK,"Descripción correcta. Se inyecta desde el schema común."
✅ OK,CALCULATE_DISCOUNTS,REQUEST,serviceId,serviceId,serviceId,string,"Common service ID (injected from commonClientAPIProperties-schema)","Random 10-digit ID generated with crypto.getRandomValues(). Uniquely identifies each call.","TicketUtils.js#L189-L192 → createServiceID() genera array de 10 bytes aleatorios convertidos a dígitos 0-9; TicketUtils.js#L204 → createRequestHeader() lo asigna",OK,"Descripción correcta."
ℹ️ MEJORABLE,CALCULATE_DISCOUNTS,REQUEST,sessionId,sessionId,sessionId,string,"Session ID that identifies the current session.","Session ID extracted from the last external response stored in ticket.cdiscExternalresponse. If there is no previous response it returns null.","TicketUtils.js#L218 → getSessionId() parsea ticket.cdiscExternalresponse y extrae response.data.sessionId; TicketUtils.js#L231 → buildRequest() lo asigna",Parcial,"La descripción del YML es correcta pero incompleta: no menciona que se extrae de la respuesta anterior ni que puede ser null en la primera llamada."
✅ OK,CALCULATE_DISCOUNTS,REQUEST,├── id,data.id,id,string,"ID of the Ticket being handled.","ID of the current ticket. Also used in the response to validate that it matches the current ticket.","TicketUtils.js#L549 → getTicketToSend() asigna ticket.id; TicketUtils.js#L601 → generateOBDiscounts() compara currentTicket.id !== extEngineResponse.ticket.id",OK,"Descripción correcta."
✅ OK,CALCULATE_DISCOUNTS,REQUEST,├── organization,data.organization,organization,object,"Object that contains information of the organization doing the request.","Object with organization info. Built in createRequestHeader() from context.organization.","TicketUtils.js#L206-L210 → createRequestHeader() construye data.organization con id, _identifier, searchKey del contexto",OK,"Descripción correcta."
✅ OK,CALCULATE_DISCOUNTS,REQUEST,│   ├── id,data.organization.id,id,string,"Organization ID.","Organization ID from the terminal context.","TicketUtils.js#L207 → createRequestHeader() lo obtiene de context.organization.id",OK,"Descripción correcta."
✅ OK,CALCULATE_DISCOUNTS,REQUEST,│   ├── _identifier,data.organization._identifier,_identifier,string,"Name of the Organization.","Organization name from the terminal context.","TicketUtils.js#L209 → createRequestHeader() lo obtiene de context.organization._identifier",OK,"Descripción correcta."
✅ OK,CALCULATE_DISCOUNTS,REQUEST,│   └── searchKey,data.organization.searchKey,searchKey,string,"Searchkey of the Organization.","Search key of the organization from the terminal context.","TicketUtils.js#L210 → createRequestHeader() lo obtiene de context.organization.searchKey",OK,"Descripción correcta."
ℹ️ MEJORABLE,CALCULATE_DISCOUNTS,REQUEST,├── priceIncludesTax,data.priceIncludesTax,priceIncludesTax,boolean,"Boolean that indicates whether the prices includes taxes or not in the system.","Indicates whether prices include taxes. Determines which price fields are sent in the lines (gross vs net).","TicketUtils.js#L564 → getTicketToSend() lo copia de ticket.priceIncludesTax; TicketUtils.js#L513-L533 → reduceLines() usa isPriceIncludingTaxes para decidir si enviar baseGrossUnitPrice/grossUnitPrice o baseNetUnitPrice/netUnitPrice",Parcial,"La descripción del YML es correcta pero no menciona que condiciona qué campos de precio se envían en las líneas."
ℹ️ MEJORABLE,CALCULATE_DISCOUNTS,REQUEST,├── externalBusinessPartner,data.externalBusinessPartner,externalBusinessPartner,object,"Object that contains the external business partner information.","Object with external BP information. Free structure (untyped), comes from CRM integrations.","TicketUtils.js#L562 → getTicketToSend() lo copia de ticket.externalBusinessPartner",Parcial,"La descripción del YML es muy escueta. No indica que su estructura es libre y depende de la integración CRM."
✅ OK,CALCULATE_DISCOUNTS,REQUEST,├── externalBPReference,data.externalBusinessPartnerReference,externalBusinessPartnerReference,string,"Reference ID of the external BP when using CRM Connector.","External BP reference for CRM Connector.","TicketUtils.js#L563 → getTicketToSend() lo copia de ticket.externalBusinessPartnerReference",OK,"Descripción correcta."
✅ OK,CALCULATE_DISCOUNTS,REQUEST,├── lines,data.lines,lines,array,"Array of Objects that represents the lines in the ticket.","Array of ticket lines. Built in reduceLines() by mapping each line with its product, conditional prices (gross/net), taxes and promotionsFromOBEngine.","TicketUtils.js#L484-L534 → reduceLines() mapea lines con getProductObject(), lineTaxArray() y precios condicionales",OK,"Descripción correcta."
✅ OK,CALCULATE_DISCOUNTS,REQUEST,│   ├── id,data.lines[].id,id,string,"line ID.","Unique ID of the ticket line. Used in the response to match the returned discounts with the ticket lines.","TicketUtils.js#L514 → reduceLines() asigna line.id; TicketUtils.js#L684 → generateOBDiscounts() usa linesToApply: [line.id]",OK,"Descripción correcta."
✅ OK,CALCULATE_DISCOUNTS,REQUEST,│   ├── product,data.lines[].product,product,object,"Object containing product related information.","Object with product info. Built in getProductObject() by mapping internal fields to API names.","TicketUtils.js#L247-L261 → getProductObject() construye el objeto con id, _identifier, upc, searchkey, searchKey, standardPrice, listPrice, useExtPromotions, uOM",OK,"Descripción correcta."
✅ OK,CALCULATE_DISCOUNTS,REQUEST,│   │   ├── id,data.lines[].product.id,id,string,"Product ID.","Product ID. Obtained from the line's product object.","TicketUtils.js#L251 → getProductObject() asigna product.id",OK,"Descripción correcta."
✅ OK,CALCULATE_DISCOUNTS,REQUEST,│   │   ├── _identifier,data.lines[].product._identifier,_identifier,string,"Product name.","Product name.","TicketUtils.js#L253 → getProductObject() asigna product._identifier",OK,"Descripción correcta."
✅ OK,CALCULATE_DISCOUNTS,REQUEST,│   │   ├── upc,data.lines[].product.upc,upc,string,"UPC of the product.","UPC/EAN code of the product. In the code it is mapped from product.uPCEAN (internal name) to 'upc' (API name).","TicketUtils.js#L254 → getProductObject() asigna product.uPCEAN como upc",OK,"Descripción correcta."
ℹ️ MEJORABLE,CALCULATE_DISCOUNTS,REQUEST,│   │   ├── searchKey,data.lines[].product.searchKey,searchKey,string,"Search key of the product.","Search key of the product. NOTE: it is sent duplicated as 'searchkey' (lowercase) and 'searchKey' (camelCase) for compatibility. The code comments: 'searchKey is duplicated to fix inconsistent naming but avoid to break the API'.","TicketUtils.js#L255-L256 → getProductObject() asigna product.searchkey en ambas variantes",Parcial,"El YML solo documenta searchKey pero en realidad se envían dos campos (searchkey y searchKey) por retrocompatibilidad."
✅ OK,CALCULATE_DISCOUNTS,REQUEST,│   │   ├── listPrice,data.lines[].product.listPrice,listPrice,number,"List Price defined for the product.","List price of the product.","TicketUtils.js#L258 → getProductObject() asigna product.listPrice",OK,"Descripción correcta."
✅ OK,CALCULATE_DISCOUNTS,REQUEST,│   │   ├── standardPrice,data.lines[].product.standardPrice,standardPrice,number,"Standard Price defined for the product.","Standard price of the product.","TicketUtils.js#L257 → getProductObject() asigna product.standardPrice",OK,"Descripción correcta."
✅ OK,CALCULATE_DISCOUNTS,REQUEST,│   │   ├── useExtPromotions,data.lines[].product.useExtPromotions,useExtPromotions,boolean,"Indicates if a product is candidate for external promotions. It is an informative field and only valid if an external system has filled it. Otherwise it can be ignored.","Indicates if the product is a candidate for external promotions. Informative field filled by the external system.","TicketUtils.js#L259 → getProductObject() asigna product.useExtPromotions",OK,"Descripción correcta."
ℹ️ MEJORABLE,CALCULATE_DISCOUNTS,REQUEST,│   │   └── uOM,data.lines[].product.uOM,uOM,string,"Unit of Measure of the product.","Unit of measure of the product. In the code it is mapped from product.uOMname (internal name) to 'uOM' (API name).","TicketUtils.js#L260 → getProductObject() asigna product.uOMname como uOM",Parcial,"La descripción del YML es correcta pero no menciona que internamente el campo se llama uOMname y se renombra a uOM para la API."
ℹ️ MEJORABLE,CALCULATE_DISCOUNTS,REQUEST,│   ├── qty,data.lines[].qty,qty,number,"Quantity of products in the line.","Quantity of products in the line. Also used in isValidFlow() to verify that at least one line has qty >= 1 (if there are no positive lines the external system is not called).","TicketUtils.js#L516 → reduceLines() asigna line.qty; TicketUtils.js#L161 → isValidFlow() valida line.qty >= 1",Parcial,"La descripción del YML es correcta pero no menciona que se usa también para validar si el flujo externo aplica."
✅ OK,CALCULATE_DISCOUNTS,REQUEST,│   ├── baseGrossUnitPrice,data.lines[].baseGrossUnitPrice,baseGrossUnitPrice,number,"If priceIncludesTax = true baseGrossUnitPrice will be received.","Base gross unit price (with taxes). Only sent if priceIncludesTax is true.","TicketUtils.js#L525 → reduceLines() lo incluye condicionalmente cuando isPriceIncludingTaxes es true",OK,"Descripción correcta."
ℹ️ MEJORABLE,CALCULATE_DISCOUNTS,REQUEST,│   ├── grossUnitPrice,data.lines[].grossUnitPrice,grossUnitPrice,number,"If priceIncludesTax = true grossUnitPrice will be received.","Current gross unit price (with taxes and possible discounts already applied). Only sent if priceIncludesTax is true.","TicketUtils.js#L526 → reduceLines() lo incluye condicionalmente cuando isPriceIncludingTaxes es true",Parcial,"La descripción del YML no aclara la diferencia con baseGrossUnitPrice: base es el precio original y gross es el precio actual tras descuentos."
✅ OK,CALCULATE_DISCOUNTS,REQUEST,│   ├── baseNetUnitPrice,data.lines[].baseNetUnitPrice,baseNetUnitPrice,number,"If priceIncludesTax = false baseNetUnitPrice will be received.","Base net unit price (without taxes). Only sent if priceIncludesTax is false.","TicketUtils.js#L531 → reduceLines() lo incluye condicionalmente cuando isPriceIncludingTaxes es false",OK,"Descripción correcta."
ℹ️ MEJORABLE,CALCULATE_DISCOUNTS,REQUEST,│   ├── netUnitPrice,data.lines[].netUnitPrice,netUnitPrice,number,"If priceIncludesTax = false netUnitPrice will be received.","Current net unit price (without taxes and possible discounts already applied). Only sent if priceIncludesTax is false.","TicketUtils.js#L532 → reduceLines() lo incluye condicionalmente cuando isPriceIncludingTaxes es false",Parcial,"La descripción del YML no aclara la diferencia con baseNetUnitPrice: base es el precio original y net es el precio actual tras descuentos."
✅ OK,CALCULATE_DISCOUNTS,REQUEST,│   ├── isFirm,data.lines[].isFirm,isFirm,boolean,"Boolean that indicates if the price is Firm or not (it covers the quotation to sales order flow).","Indicates if the price is firm. Used in the quotation to sales order flow.","TicketUtils.js#L517 → reduceLines() asigna line.isFirm",OK,"Descripción correcta."
ℹ️ MEJORABLE,CALCULATE_DISCOUNTS,REQUEST,│   ├── lineNo,data.lines[].lineNo,lineNo,number,"Numerical only value assigned to each (it can change between calls).","Line number. Dynamically calculated as (index + 1) * 10 on each call. NOT copied from the original ticket but recalculated.","TicketUtils.js#L518 → reduceLines() calcula (index + 1) * 10",Parcial,"La descripción del YML dice 'it can change between calls' lo cual es correcto pero no explica que se recalcula como múltiplos de 10 basado en el índice."
✅ OK,CALCULATE_DISCOUNTS,REQUEST,│   ├── taxes,data.lines[].taxes,taxes,array,"Array containing the tax information for the line.","Array of taxes for the line. Built in lineTaxArray() by mapping each tax with id, lineNo, amount, searchKey, name, net, rate, taxBase.","TicketUtils.js#L465-L478 → lineTaxArray() mapea Object.values(taxes) extrayendo 8 campos de cada tax",OK,"Descripción correcta."
✅ OK,CALCULATE_DISCOUNTS,REQUEST,│   │   ├── id,data.lines[].taxes[].id,id,string,"Tax ID.","ID of the tax applied to the line.","TicketUtils.js#L469 → lineTaxArray() asigna tax.id",OK,"Descripción correcta."
✅ OK,CALCULATE_DISCOUNTS,REQUEST,│   │   ├── lineNo,data.lines[].taxes[].lineNo,lineNo,number,"Line number associated with the tax.","Line number associated with the tax.","TicketUtils.js#L470 → lineTaxArray() asigna tax.lineNo",OK,"Descripción correcta."
✅ OK,CALCULATE_DISCOUNTS,REQUEST,│   │   ├── amount,data.lines[].taxes[].amount,amount,number,"Tax amount.","Tax amount.","TicketUtils.js#L471 → lineTaxArray() asigna tax.amount",OK,"Descripción correcta."
✅ OK,CALCULATE_DISCOUNTS,REQUEST,│   │   ├── searchKey,data.lines[].taxes[].searchKey,searchKey,string,"Search key of the tax.","Search key of the tax.","TicketUtils.js#L472 → lineTaxArray() asigna tax.searchKey",OK,"Descripción correcta."
✅ OK,CALCULATE_DISCOUNTS,REQUEST,│   │   ├── name,data.lines[].taxes[].name,name,string,"Name of the tax.","Tax name.","TicketUtils.js#L473 → lineTaxArray() asigna tax.name",OK,"Descripción correcta."
ℹ️ MEJORABLE,CALCULATE_DISCOUNTS,REQUEST,│   │   ├── net,data.lines[].taxes[].net,net,number,"Net amount after tax.","Net amount of the line for this tax (tax base).","TicketUtils.js#L474 → lineTaxArray() asigna tax.net",Parcial,"La descripción 'Net amount after tax' es confusa. En realidad es el importe neto (base) sobre el que se calcula el impuesto, no 'después del impuesto'."
✅ OK,CALCULATE_DISCOUNTS,REQUEST,│   │   ├── rate,data.lines[].taxes[].rate,rate,number,"Tax rate percentage.","Tax rate percentage.","TicketUtils.js#L475 → lineTaxArray() asigna tax.rate",OK,"Descripción correcta."
✅ OK,CALCULATE_DISCOUNTS,REQUEST,│   │   └── taxBase,data.lines[].taxes[].taxBase,taxBase,number,"Base amount for tax calculation.","Base amount for tax calculation.","TicketUtils.js#L476 → lineTaxArray() asigna tax.taxBase",OK,"Descripción correcta."
✅ OK,CALCULATE_DISCOUNTS,REQUEST,│   ├── promotionsFromOBEngine,data.lines[].promotionsFromOBEngine,promotionsFromOBEngine,array,"Array containing the information of the discounts calculated in the OB Discount engine","Array of discounts calculated by the OB engine. Built in reduceLines() by searching each line in discountsFromOB and mapping its discounts with getDiscountBySearchKey() to resolve the discountTypeSearchKey.","TicketUtils.js#L489-L510 → reduceLines() busca lineDiscount en discountsFromOB.lines y mapea discounts con ruleId, name, searchKey, applyMethod, discountType, value, amount, percentage, unitDiscount, isTotalDiscount",OK,"Descripción correcta."
🔴 BUG,CALCULATE_DISCOUNTS,REQUEST,│   │   ├── id,data.lines[].promotionsFromOBEngine[].id,id,string,"Discount ID.","ID of the discount rule (ruleId). Mapped from d.ruleId of the OB engine, not from d.id.","TicketUtils.js#L499 → reduceLines() asigna d.ruleId como id",Incorrecto,"El YML dice 'Discount ID' pero en realidad se asigna d.ruleId (el ID de la regla), no el ID del descuento aplicado."
ℹ️ MEJORABLE,CALCULATE_DISCOUNTS,REQUEST,│   │   ├── searchKey,data.lines[].promotionsFromOBEngine[].searchKey,searchKey,string,"Search key of the discount.","Search key of the discount. Used to look up the discount rule in the POS (getDiscountBySearchKey) and obtain the discountTypeSearchKey.","TicketUtils.js#L493 → getDiscountBySearchKey(d.searchKey); TicketUtils.js#L501 → asigna d.searchKey",Parcial,"La descripción es correcta pero no menciona que se usa para resolver el tipo de descuento internamente."
✅ OK,CALCULATE_DISCOUNTS,REQUEST,│   │   ├── name,data.lines[].promotionsFromOBEngine[].name,name,string,"Name of the discount.","Discount name calculated by the OB engine.","TicketUtils.js#L500 → reduceLines() asigna d.name",OK,"Descripción correcta."
✅ OK,CALCULATE_DISCOUNTS,REQUEST,│   │   ├── discountType,data.lines[].promotionsFromOBEngine[].discountType,discountType,string,"Search key of the discount type.","Discount type. Copied directly from d.discountType of the OB engine.","TicketUtils.js#L503 → reduceLines() asigna d.discountType",OK,"Descripción correcta."
ℹ️ MEJORABLE,CALCULATE_DISCOUNTS,REQUEST,│   │   ├── value,data.lines[].promotionsFromOBEngine[].value,value,string,"Identifier of the discount type.","Search key of the discount type resolved from the POS rule. Obtained by looking up the rule by searchKey and extracting discountRule.discountTypeSearchKey. If not found it remains undefined.","TicketUtils.js#L493-L496 → getDiscountBySearchKey(d.searchKey) resuelve discountRule; TicketUtils.js#L504 → asigna discountTypeSearchKey || undefined",Parcial,"La descripción del YML 'Identifier of the discount type' es vaga. En realidad es el discountTypeSearchKey resuelto desde las reglas del POS y puede ser undefined."
ℹ️ MEJORABLE,CALCULATE_DISCOUNTS,REQUEST,│   │   ├── applyMethod,data.lines[].promotionsFromOBEngine[].applyMethod,applyMethod,string,"Discount application method like automatic or discretionary.","Discount application method (e.g.: 'automatic', 'discretionary', 'optional').","TicketUtils.js#L502 → reduceLines() asigna d.applyMethod",Parcial,"La descripción del YML no menciona el valor 'optional' que también es válido (usado en DiscountsEngineSimulator.js para descuentos opcionales)."
ℹ️ MEJORABLE,CALCULATE_DISCOUNTS,REQUEST,│   │   ├── amount,data.lines[].promotionsFromOBEngine[].amount,amount,number,"Discount amount.","Discount amount. Mapped from d.amt (OB engine internal name) to 'amount' (API name).","TicketUtils.js#L505 → reduceLines() asigna d.amt como amount",Parcial,"La descripción del YML es correcta pero no menciona que internamente el campo se llama 'amt' y se renombra a 'amount' para la API."
ℹ️ MEJORABLE,CALCULATE_DISCOUNTS,REQUEST,│   │   ├── percentage,data.lines[].promotionsFromOBEngine[].percentage,percentage,number,"Discount percentage applicable for percentage discounts.","Discount percentage. Mapped from d.discountPercentage. If it does not exist it remains undefined.","TicketUtils.js#L506 → reduceLines() asigna d.discountPercentage || undefined",Parcial,"La descripción del YML es correcta pero no menciona que puede ser undefined si el descuento no es de tipo porcentaje."
✅ OK,CALCULATE_DISCOUNTS,REQUEST,│   │   ├── unitDiscount,data.lines[].promotionsFromOBEngine[].unitDiscount,unitDiscount,number,"Discount amount per quantity unit.","Discount amount per quantity unit.","TicketUtils.js#L507 → reduceLines() asigna d.unitDiscount",OK,"Descripción correcta."
ℹ️ MEJORABLE,CALCULATE_DISCOUNTS,REQUEST,│   │   └── isTotalDiscount,data.lines[].promotionsFromOBEngine[].isTotalDiscount,isTotalDiscount,boolean,"Identifies if the discount is part of the total discounts.","Indicates if the discount is of 'by total' type. Mapped from d.byTotal. If it does not exist it remains undefined.","TicketUtils.js#L508 → reduceLines() asigna d.byTotal || undefined",Parcial,"La descripción del YML es correcta pero no menciona que internamente el campo se llama 'byTotal' y se renombra a 'isTotalDiscount'. Puede ser undefined."
✅ OK,CALCULATE_DISCOUNTS,REQUEST,├── discountsFromUser,data.discountsFromUser,discountsFromUser,object,"Object containing the information of the current discounts in the ticket and/or discounts that are proposed to be applied.","Object with the current discounts of the ticket plus the proposed candidate discounts. Built in addCandidateDiscounts() by combining existing externalManualPromotions + new candidateDiscounts.","TicketUtils.js#L557 → getTicketToSend() llama a addCandidateDiscounts(ticket.discountsFromUser, candidateDiscounts); TicketUtils.js#L333 → addCandidateDiscounts() construye el objeto",OK,"Descripción correcta."
🔴 BUG,CALCULATE_DISCOUNTS,REQUEST,│   ├── bytotalManualPromotions,data.discountsFromUser.bytotalManualPromotions,bytotalManualPromotions,array,"Array of Objects that represents the lines in the ticket.","Array of manual discounts of 'by total' type (FixedPerTotal, FixedPercentagePerTotal, VariableDiscountPerTotal, VariablePercentagePerTotal). Built in addCandidateDiscounts() by filtering with isByTotalDiscountTypeBySearchKey().","TicketUtils.js#L345 → se inicializa vacío; TicketUtils.js#L375-L395 → se añaden desde externalManualPromotions; TicketUtils.js#L408-L425 → se añaden candidatos",Incorrecto,"La descripción del YML 'Array of Objects that represents the lines in the ticket' es INCORRECTA. No son líneas del ticket sino descuentos manuales de tipo 'por total'."
✅ OK,CALCULATE_DISCOUNTS,REQUEST,│   │   ├── id,data.discountsFromUser.bytotalManualPromotions[].id,id,string,"Discount ID.","Discount/promotion ID.","TicketUtils.js#L379 → addCandidateDiscounts() asigna p.id",OK,"Descripción correcta."
✅ OK,CALCULATE_DISCOUNTS,REQUEST,│   │   ├── searchKey,data.discountsFromUser.bytotalManualPromotions[].searchKey,searchKey,string,"Search key of the discount.","Search key of the discount.","TicketUtils.js#L380 → addCandidateDiscounts() asigna p.searchKey",OK,"Descripción correcta."
✅ OK,CALCULATE_DISCOUNTS,REQUEST,│   │   ├── name,data.discountsFromUser.bytotalManualPromotions[].name,name,string,"Discount name. Will be used to show it in the UI.","Discount name. Displayed in the UI.","TicketUtils.js#L381 → addCandidateDiscounts() asigna p.name",OK,"Descripción correcta."
✅ OK,CALCULATE_DISCOUNTS,REQUEST,│   │   ├── discountType,data.discountsFromUser.bytotalManualPromotions[].discountType,discountType,string,"ID of the discount type.","ID of the discount type.","TicketUtils.js#L383 → addCandidateDiscounts() asigna p.discountType",OK,"Descripción correcta."
ℹ️ MEJORABLE,CALCULATE_DISCOUNTS,REQUEST,│   │   ├── value,data.discountsFromUser.bytotalManualPromotions[].value,value,string,"Identifier of the discount type.","Search key of the discount type (discountTypeSearchKey). E.g.: 'OBDISC_FixedPerTotal', 'OBDISC_VariableDiscountPerTotal', etc. Used to classify the discount as byTotal or manual.","TicketUtils.js#L386 → addCandidateDiscounts() asigna p.discountTypeSearchKey como value; TicketUtils.js#L375 → isByTotalDiscountTypeBySearchKey() lo valida",Parcial,"La descripción del YML 'Identifier of the discount type' es vaga. En realidad es el discountTypeSearchKey y determina la clasificación del descuento."
✅ OK,CALCULATE_DISCOUNTS,REQUEST,│   │   ├── disctTotalamountdisc,data.discountsFromUser.bytotalManualPromotions[].disctTotalamountdisc,disctTotalamountdisc,string,"Amount of the discount if the discount type is Fixed Per Total or Variable Discount Per Total. Null or undefined otherwise.","Discount amount for FixedPerTotal or VariableDiscountPerTotal types. Assigned in pre-apply-discount.js when the cashier enters an amount. Used in cdiscUtils.js as userAmt.","pre-apply-discount.js#L70 → getAmountByDiscountType() asigna inputAmount; TicketUtils.js#L384 → addCandidateDiscounts() lo propaga; cdiscUtils.js#L64 → se usa como userAmt si disctTotalpercdisc es falsy",OK,"Descripción correcta."
⚠️ ERROR DESC,CALCULATE_DISCOUNTS,REQUEST,│   │   └── disctTotalpercdisc,data.discountsFromUser.bytotalManualPromotions[].disctTotalpercdisc,disctTotalpercdisc,string,"Amount of the discount if the discount type is Fixed Percentage Per Total or Variable Percentage Per Total. Null or undefined otherwise.","Discount percentage for FixedPercentagePerTotal or VariablePercentagePerTotal types. Takes priority over disctTotalamountdisc in cdiscUtils.js.","pre-apply-discount.js#L77 → getAmountByDiscountType() asigna inputAmount; TicketUtils.js#L385 → addCandidateDiscounts() lo propaga; cdiscUtils.js#L62-L63 → tiene prioridad como userAmt",Parcial,"La descripción del YML dice 'Amount of the discount' pero en realidad es un PORCENTAJE, no un importe. El nombre del campo también contiene 'perc' (percentage)."
ℹ️ MEJORABLE,CALCULATE_DISCOUNTS,REQUEST,│   ├── manualPromotions,data.discountsFromUser.manualPromotions,manualPromotions,array,"Array containing the information of the discounts applied to lines.","Array of manual discounts applied to specific lines (DiscretionaryFixedAmount, UserDefinedAmount, DiscretionaryFixedPercentage, UserDefinedPercentage, UserDefinedLineAmount). Built in addCandidateDiscounts() by filtering with isManualDiscountTypeBySearchKey().","TicketUtils.js#L344 → se inicializa vacío; TicketUtils.js#L351-L372 → se añaden desde externalManualPromotions; TicketUtils.js#L431-L450 → se añaden candidatos",OK,"Descripción correcta."
✅ OK,CALCULATE_DISCOUNTS,REQUEST,│   │   ├── id,data.discountsFromUser.manualPromotions[].id,id,string,"Discount ID.","Discount/promotion ID.","TicketUtils.js#L355 → addCandidateDiscounts() asigna p.id",OK,"Descripción correcta."
✅ OK,CALCULATE_DISCOUNTS,REQUEST,│   │   ├── searchKey,data.discountsFromUser.manualPromotions[].searchKey,searchKey,string,"Search key of the discount.","Search key del descuento.","TicketUtils.js#L356 → addCandidateDiscounts() asigna p.searchKey",OK,"Descripción correcta."
✅ OK,CALCULATE_DISCOUNTS,REQUEST,│   │   ├── name,data.discountsFromUser.manualPromotions[].name,name,string,"Discount name. Will be used to show it in the UI.","Nombre del descuento. Se muestra en la UI.","TicketUtils.js#L357 → addCandidateDiscounts() asigna p.name",OK,"Descripción correcta."
✅ OK,CALCULATE_DISCOUNTS,REQUEST,│   │   ├── discountType,data.discountsFromUser.manualPromotions[].discountType,discountType,string,"ID of the discount type.","ID del tipo de descuento.","TicketUtils.js#L359 → addCandidateDiscounts() asigna p.discountType",OK,"Descripción correcta."
ℹ️ MEJORABLE,CALCULATE_DISCOUNTS,REQUEST,│   │   ├── value,data.discountsFromUser.manualPromotions[].value,value,string,"Identifier of the discount type.","Search key del tipo de descuento (discountTypeSearchKey). Ej: 'OBDISC_DiscretionaryFixedAmount', 'OBDISC_UserDefinedPercentage', etc.","TicketUtils.js#L364 → addCandidateDiscounts() asigna p.discountTypeSearchKey como value",Parcial,"La descripción del YML 'Identifier of the discount type' es vaga. En realidad es el discountTypeSearchKey."
✅ OK,CALCULATE_DISCOUNTS,REQUEST,│   │   ├── obdiscAmt,data.discountsFromUser.manualPromotions[].obdiscAmt,obdiscAmt,number,"Amount of the discount if the discount type is Discretionary Fixed Amount or User Defined Amount. Null or undefined otherwise.","Importe fijo del descuento para tipos DiscretionaryFixedAmount o UserDefinedAmount. Se asigna en pre-apply-discount.js cuando el cajero introduce un importe.","pre-apply-discount.js#L51 → getAmountByDiscountType() asigna inputAmount; TicketUtils.js#L360 → addCandidateDiscounts() lo propaga; cdiscUtils.js#L41-L42 → se usa como userAmt",OK,"Descripción correcta."
⚠️ ERROR DESC,CALCULATE_DISCOUNTS,REQUEST,│   │   ├── obdiscPercentage,data.discountsFromUser.manualPromotions[].obdiscPercentage,obdiscPercentage,number,"Amount of the discount if the discount type is Discretionary Fixed Percentage or User Defined Percentage. Null or undefined otherwise.","Porcentaje del descuento para tipos DiscretionaryFixedPercentage o UserDefinedPercentage. En cdiscUtils.js se usa como userAmt si obdiscAmt es falsy.","pre-apply-discount.js#L58 → getAmountByDiscountType() asigna inputAmount; TicketUtils.js#L361 → addCandidateDiscounts() lo propaga; cdiscUtils.js#L43 → fallback de userAmt",Parcial,"La descripción del YML dice 'Amount of the discount' pero es un PORCENTAJE, no un importe."
⚠️ ERROR DESC,CALCULATE_DISCOUNTS,REQUEST,│   │   ├── obdiscLineFinalgross,data.discountsFromUser.manualPromotions[].obdiscLineFinalgross,obdiscLineFinalgross,number,"Amount of the discount if the discount type is User Defined Line Amount. Null or undefined otherwise.","Final gross amount of the line for UserDefinedLineAmount type. The cashier defines the final price of the line and the system calculates the discount as the difference.","pre-apply-discount.js#L63 → getAmountByDiscountType() asigna inputAmount; TicketUtils.js#L362 → addCandidateDiscounts() lo propaga; cdiscUtils.js#L52 → promotionToApply.definition.obdiscLineFinalgross = manualPromotion.obdiscAmt",Parcial,"La descripción del YML dice 'Amount of the discount' pero en realidad define el precio final deseado de la línea, no el importe del descuento en sí."
✅ OK,CALCULATE_DISCOUNTS,REQUEST,│   │   ├── linesToApply,data.discountsFromUser.manualPromotions[].linesToApply,linesToApply,array of string,"Array containing the ID of the lines that are affected by the discount.","Array with the IDs of the lines affected by the discount. Built in pre-apply-discount.js from the lines selected by the cashier (checkedLines).","pre-apply-discount.js#L97-L99 → checkedLines.map(line => line.id); TicketUtils.js#L363 → addCandidateDiscounts() lo propaga",OK,"Descripción correcta."
✅ OK,CALCULATE_DISCOUNTS,REQUEST,│   │   └── isExternalConfirmedDiscount,data.discountsFromUser.manualPromotions[].isExternalConfirmedDiscount,isExternalConfirmedDiscount,boolean,"Indicates if the discount was sent by the external system or not. Can be used to identify candidates.","Indicates if the discount was confirmed by the external system. Used for filtering: in cdiscUtils.js when handling errors, discounts with isExternalConfirmedDiscount=true are removed. In generateOBDiscounts() those that are NOT external are filtered to re-add them.","TicketUtils.js#L38 → generateCommonDiscountInfo() lo fuerza a true; TicketUtils.js#L365 → addCandidateDiscounts() lo propaga; TicketUtils.js#L695 → filtra !m.isExternalConfirmedDiscount",OK,"Descripción correcta."
✅ OK,CALCULATE_DISCOUNTS,REQUEST,│   └── optionalPromotions,data.discountsFromUser.optionalPromotions,optionalPromotions,array,"Array containing the information of the optional discounts applied to lines.","Array de descuentos opcionales. Se copia desde externalOptionalPromotions en addCandidateDiscounts(). Son descuentos que el cajero puede activar/desactivar.","TicketUtils.js#L401-L403 → addCandidateDiscounts() copia externalOptionalPromotions",OK,"Descripción correcta."
✅ OK,CALCULATE_DISCOUNTS,REQUEST,│       ├── searchKey,data.discountsFromUser.optionalPromotions[].searchKey,searchKey,string,"Search key of the discount.","Search key of the optional discount.","TicketUtils.js#L401 → se copia del array externalOptionalPromotions",OK,"Descripción correcta."
✅ OK,CALCULATE_DISCOUNTS,REQUEST,│       ├── name,data.discountsFromUser.optionalPromotions[].name,name,string,"Discount name. Will be used to show it in the UI.","Optional discount name to display in the UI.","TicketUtils.js#L401 → se copia del array externalOptionalPromotions",OK,"Descripción correcta."
✅ OK,CALCULATE_DISCOUNTS,REQUEST,│       ├── description,data.discountsFromUser.optionalPromotions[].description,description,string,"Discount description to be used to give extra info in the UI.","Optional discount description for additional information in the UI.","TicketUtils.js#L401 → se copia del array externalOptionalPromotions",OK,"Descripción correcta."
ℹ️ MEJORABLE,CALCULATE_DISCOUNTS,REQUEST,│       └── amount,data.discountsFromUser.optionalPromotions[].amount,amount,string,"Discount amount to show in the UI.","Optional discount amount to display in the UI. It is of type string (not number) for display formatting.","TicketUtils.js#L401 → se copia del array externalOptionalPromotions; DiscountsEngineSimulator.js#L119 → amount: p.obdiscAmt || p.amt",Parcial,"La descripción del YML es correcta pero no aclara por qué es string en vez de number: es para presentación en UI."
ℹ️ MEJORABLE,CALCULATE_DISCOUNTS,REQUEST,├── orderType,data.orderType,orderType,number,"Number that indicates the type of the order (0 - Sale, 1 - Refund).","Order type. 0 = Sale, 1 = Refund. Also used in isValidFlow() to exclude refunds (orderType !== 1) from the external system call.","TicketUtils.js#L565 → getTicketToSend() asigna ticket.orderType; TicketUtils.js#L158 → isValidFlow() valida ticket.orderType !== 1",Parcial,"La descripción del YML es correcta pero no menciona que si es 1 (Refund) no se ejecuta la llamada al sistema externo."
✅ OK,CALCULATE_DISCOUNTS,REQUEST,├── isLayaway,data.isLayaway,isLayaway,boolean,"Indicates if is layaway.","Indicates if the ticket is a layaway.","TicketUtils.js#L566 → getTicketToSend() asigna ticket.isLayaway",OK,"Descripción correcta aunque escueta."
✅ OK,CALCULATE_DISCOUNTS,REQUEST,├── isQuotation,data.isQuotation,isQuotation,boolean,"Indicates if is quotation.","Indicates if the ticket is a quotation.","TicketUtils.js#L567 → getTicketToSend() asigna ticket.isQuotation",OK,"Descripción correcta aunque escueta."
✅ OK,CALCULATE_DISCOUNTS,REQUEST,├── businessPartner,data.businessPartner,businessPartner,object,"Object that contains the business partner information.","Object with business partner info of the ticket. Contains id and searchKey.","TicketUtils.js#L568 → getTicketToSend() asigna ticket.businessPartner (objeto completo con id y searchKey)",OK,"Descripción correcta."
✅ OK,CALCULATE_DISCOUNTS,REQUEST,│   ├── id,data.businessPartner.id,id,string,"Business Partner ID.","Business partner ID of the ticket.","TicketUtils.js#L568 → se propaga desde ticket.businessPartner.id",OK,"Descripción correcta."
✅ OK,CALCULATE_DISCOUNTS,REQUEST,│   └── searchKey,data.businessPartner.searchKey,searchKey,string,"Search key of the Business Partner.","Search key of the business partner of the ticket.","TicketUtils.js#L568 → se propaga desde ticket.businessPartner.searchKey",OK,"Descripción correcta."
ℹ️ MEJORABLE,CALCULATE_DISCOUNTS,REQUEST,├── currency,data.currency,currency,string,"Currency of the ticket.","Internal ID of the ticket's currency (e.g.: '100'), not the ISO code.","TicketUtils.js#L569 → getTicketToSend() asigna ticket.currency",Parcial,"La descripción del YML dice 'Currency of the ticket' pero en realidad es el ID interno de la moneda, no el código ISO."
✅ OK,CALCULATE_DISCOUNTS,REQUEST,└── currency$_identifier,data.currency$_identifier,currency$_identifier,string,"Currency ISO code.","ISO code of the currency (e.g.: 'EUR').","TicketUtils.js#L570 → getTicketToSend() asigna ticket.currency$_identifier",OK,"Descripción correcta."
✅ OK,CALCULATE_DISCOUNTS,RESPONSE,├── sessionId,data.sessionId,sessionId,string,"Session ID that identifies the current session.","Session ID returned by the external system. Stored in the ticket as cdiscExternalresponse and reused in the next call as request.sessionId.","TicketUtils.js#L218-L224 → getSessionId() lo extrae de response.data.sessionId; cdiscUtils.js#L30 → receipt.set('cdiscExternalresponse', JSON.stringify(cdiscExternalresponse))",OK,"Descripción correcta."
✅ OK,CALCULATE_DISCOUNTS,RESPONSE,├── ticket,data.ticket,ticket,object,"Contains the definition of the discounts to be generated.","Main response object. Contains id (for validation) and discountengine (with the discounts). It is validated that ticket.id matches the current ticket.","TicketUtils.js#L585-L601 → generateOBDiscounts() valida extEngineResponse.ticket existe y compara ticket.id",OK,"Descripción correcta."
✅ OK,CALCULATE_DISCOUNTS,RESPONSE,│   ├── id,data.ticket.id,id,string,"ID of the ticket to be handled. If it does not match it will be discarded/ignored.","Ticket ID. Validated against the current ticket: if it does not match, all discounts from the response are discarded.","TicketUtils.js#L598 → generateOBDiscounts() compara currentTicket.id !== extEngineResponse.ticket.id y retorna arrays vacíos si no coincide",OK,"Descripción correcta."
✅ OK,CALCULATE_DISCOUNTS,RESPONSE,│   ├── discountengine,data.ticket.discountengine,discountengine,object,"Contains the core information of the discounts.","Main object with the discounts. Contains lines (discounts per line) and discountsFromUser (manual/by total discounts returned).","TicketUtils.js#L585-L595 → generateOBDiscounts() valida que exista y extrae { lines, discountsFromUser } de extEngineResponse.ticket.discountengine",OK,"Descripción correcta."
✅ OK,CALCULATE_DISCOUNTS,RESPONSE,│   │   ├── lines,data.ticket.discountengine.lines,lines,array,"Array containing the definition of the parameters needed for each line discount.","Array of lines with their discounts. Iterated in generateOBDiscounts() with reduce() to generate manualPromotions with linesToApply.","TicketUtils.js#L607-L690 → lines.reduce() itera cada line y sus discounts, generando objetos de descuento con baseDiscount + regla OB",OK,"Descripción correcta."
✅ OK,CALCULATE_DISCOUNTS,RESPONSE,│   │   │   ├── id,data.ticket.discountengine.lines[].id,id,string,"ID of the line to be handled. If it does not match it will be discarded/ignored.","Line ID. Used to assign the returned discounts to the correct ticket line via linesToApply: [line.id].","TicketUtils.js#L607 → lines.reduce() itera cada line; TicketUtils.js#L684 → linesToApply: [line.id]",OK,"Descripción correcta."
✅ OK,CALCULATE_DISCOUNTS,RESPONSE,│   │   │   └── discounts,data.ticket.discountengine.lines[].discounts,discounts,array,"Array containing all the discounts to be applied for the current line.","Array of discounts to apply to the line. Each discount is processed: if it has a searchKey the OB rule is looked up; if not, the generic baseDiscount (cdiscDiscount of the terminal) is used.","TicketUtils.js#L609-L685 → discounts.map() procesa cada discount con getDiscountBySearchKey() y genera el objeto final con name, searchKey, obdiscAmt, extraProperties, linesToApply",OK,"Descripción correcta."
✅ OK,CALCULATE_DISCOUNTS,RESPONSE,│   │   │       ├── name,data.ticket.discountengine.lines[].discounts[].name,name,string,"Discount name to be displayed.","Discount name. Used as a fallback chain: discount.name || discountRule.printName || discountRule.name || discount.searchKey || baseDiscount.name.","TicketUtils.js#L653-L656 → generateOBDiscounts() resuelve discountName con cadena de fallbacks",OK,"Descripción correcta."
✅ OK,CALCULATE_DISCOUNTS,RESPONSE,│   │   │       ├── searchKey,data.ticket.discountengine.lines[].discounts[].searchKey,searchKey,string,"Search key of the discount defined in the Backend. If specified it will be used to match discount rules in POS. If found that rule will be used. If not a generic discount rule will be used.","Search key of the discount. If specified, the rule is looked up in the POS with getDiscountBySearchKey(). If found, that rule is used (with its id, type, etc). If not, the generic baseDiscount is used.","TicketUtils.js#L619-L620 → if (discount.searchKey) discountRule = getDiscountBySearchKey(discount.searchKey); TicketUtils.js#L646-L649 → si encuentra regla usa su id y marca isOBDisc=true",OK,"Descripción correcta y detallada."
ℹ️ MEJORABLE,CALCULATE_DISCOUNTS,RESPONSE,│   │   │       ├── obdiscAmt,data.ticket.discountengine.lines[].discounts[].obdiscAmt,obdiscAmt,number,"Amount to be discounted by this discount.","Amount to discount. Both obdiscAmt and amt (fallback) are accepted: discount.obdiscAmt || discount.amt.","TicketUtils.js#L668 → generateOBDiscounts() asigna obdiscAmt: discount.obdiscAmt || discount.amt",Parcial,"La descripción del YML es correcta pero no menciona que también se acepta el campo 'amt' como alternativa."
✅ OK,CALCULATE_DISCOUNTS,RESPONSE,│   │   │       └── extraProperties,data.ticket.discountengine.lines[].discounts[].extraProperties,extraProperties,object,"An object which contains any extra information that needs to be stored for other purposes.","Object with extra properties of the discount. Stored in cdiscExternalresponse and recovered in addExtraPropertiesToRequestTicket() to re-send it in subsequent calls. Allows the external system to persist information between calls.","TicketUtils.js#L679 → generateOBDiscounts() lo incluye en extraProperties; TicketUtils.js#L728-L761 → getExtraPropertiesFromResponseJSON() lo extrae; TicketUtils.js#L770-L805 → addExtraPropertiesToRequestTicket() lo re-añade",OK,"Descripción correcta."
✅ OK,CALCULATE_DISCOUNTS,RESPONSE,│   │   └── discountsFromUser,data.ticket.discountengine.discountsFromUser,discountsFromUser,object,"Object containing the information of the current discounts in the ticket and/or discounts that are proposed to be applied.","Optional object in the response. Allows the external system to return modified manual and by total discounts. Non-external and non-duplicate manualPromotions are re-added; non-duplicate bytotalManualPromotions are re-added.","TicketUtils.js#L594 → { discountsFromUser = {} } = extEngineResponse.ticket.discountengine; TicketUtils.js#L692-L717 → se procesan manualPromotions y bytotalManualPromotions",OK,"Descripción correcta."
🔴 BUG,CALCULATE_DISCOUNTS,RESPONSE,│   │       ├── bytotalManualPromotions,data.ticket.discountengine.discountsFromUser.bytotalManualPromotions,bytotalManualPromotions,array,"Array of Objects that represents the lines in the ticket.","Array of by total discounts returned by the external system. Those not already in manualPromotions (by searchKey) are filtered and re-added with getOBDiscounts().","TicketUtils.js#L708-L717 → generateOBDiscounts() filtra y mapea bytotalManualPromotions con getOBDiscounts() y marca isOBDisc=true, discountinstance=m.promotionLineId",Incorrecto,"La descripción del YML 'Array of Objects that represents the lines in the ticket' es INCORRECTA. Son descuentos por total, no líneas. Mismo error que en el request."
✅ OK,CALCULATE_DISCOUNTS,RESPONSE,│   │       │   ├── id,data.ticket.discountengine.discountsFromUser.bytotalManualPromotions[].id,id,string,"Discount ID.","By total discount ID.","TicketUtils.js#L712-L716 → se propaga desde m.id via spread de getOBDiscounts(m) y ...m",OK,"Descripción correcta."
✅ OK,CALCULATE_DISCOUNTS,RESPONSE,│   │       │   ├── name,data.ticket.discountengine.discountsFromUser.bytotalManualPromotions[].name,name,string,"Discount name. Will be used to show it in the UI.","By total discount name for the UI.","TicketUtils.js#L712-L716 → se propaga desde m.name",OK,"Descripción correcta."
✅ OK,CALCULATE_DISCOUNTS,RESPONSE,│   │       │   ├── discountType,data.ticket.discountengine.discountsFromUser.bytotalManualPromotions[].discountType,discountType,string,"ID of the discount type.","ID of the discount type.","TicketUtils.js#L712-L716 → se propaga desde m.discountType",OK,"Descripción correcta."
ℹ️ MEJORABLE,CALCULATE_DISCOUNTS,RESPONSE,│   │       │   ├── value,data.ticket.discountengine.discountsFromUser.bytotalManualPromotions[].value,value,string,"Identifier of the discount type.","Search key of the discount type (discountTypeSearchKey).","TicketUtils.js#L712-L716 → se propaga desde m.value",Parcial,"La descripción del YML es vaga. En realidad es el discountTypeSearchKey."
🔴 BUG,CALCULATE_DISCOUNTS,RESPONSE,│   │       │   ├── discTotalamountdisc,data.ticket.discountengine.discountsFromUser.bytotalManualPromotions[].discTotalamountdisc,discTotalamountdisc,string,"Amount of the discount if the discount type is Fixed Per Total or Variable Discount Per Total. Null or undefined otherwise.","By total discount amount. NOTE: in the response schema the field is called 'discTotalamountdisc' (without the 't' after 'disc') while in the request and in all JS code 'disctTotalamountdisc' (with 't') is used. Possible typo in the response schema.","TicketUtils.js#L712-L716 → se propaga desde m; El código JS siempre usa 'disctTotalamountdisc' (con t)",Incorrecto,"El nombre del campo en el response schema es 'discTotalamountdisc' pero en el código y en el request schema es 'disctTotalamountdisc'. Inconsistencia de naming — posible BUG en el YML del response."
⚠️ ERROR DESC,CALCULATE_DISCOUNTS,RESPONSE,│   │       │   └── disctTotalpercdisc,data.ticket.discountengine.discountsFromUser.bytotalManualPromotions[].disctTotalpercdisc,disctTotalpercdisc,string,"Amount of the discount if the discount type is Fixed Percentage Per Total or Variable Percentage Per Total. Null or undefined otherwise.","By total discount percentage. Propagated from the external response.","TicketUtils.js#L712-L716 → se propaga desde m.disctTotalpercdisc",Parcial,"La descripción del YML dice 'Amount' pero es un PORCENTAJE. Mismo error que en el request."
✅ OK,CALCULATE_DISCOUNTS,RESPONSE,│   │       └── manualPromotions,data.ticket.discountengine.discountsFromUser.manualPromotions,manualPromotions,array,"Array containing the information of the discounts applied to lines.","Array of manual discounts per line returned by the external system. Filtered: only those that are NOT isExternalConfirmedDiscount and are NOT already in the manualPromotions generated from lines are re-added.","TicketUtils.js#L692-L706 → generateOBDiscounts() filtra por !m.isExternalConfirmedDiscount && !manualPromotions.some(p => p.searchKey === m.searchKey) y mapea con getOBDiscounts()",OK,"Descripción correcta."
✅ OK,CALCULATE_DISCOUNTS,RESPONSE,│   │           ├── id,data.ticket.discountengine.discountsFromUser.manualPromotions[].id,id,string,"Discount ID.","Manual discount ID.","TicketUtils.js#L698-L703 → se propaga desde m.id via getOBDiscounts(m) y ...m",OK,"Descripción correcta."
✅ OK,CALCULATE_DISCOUNTS,RESPONSE,│   │           ├── searchKey,data.ticket.discountengine.discountsFromUser.manualPromotions[].searchKey,searchKey,string,"Search key of the discount.","Search key of the discount. Used to filter duplicates against the discounts already generated from lines.","TicketUtils.js#L696 → !manualPromotions.some(p => p.searchKey === m.searchKey)",OK,"Descripción correcta."
✅ OK,CALCULATE_DISCOUNTS,RESPONSE,│   │           ├── name,data.ticket.discountengine.discountsFromUser.manualPromotions[].name,name,string,"Discount name. Will be used to show it in the UI.","Manual discount name for the UI.","TicketUtils.js#L698-L703 → se propaga desde m.name",OK,"Descripción correcta."
✅ OK,CALCULATE_DISCOUNTS,RESPONSE,│   │           ├── discountType,data.ticket.discountengine.discountsFromUser.manualPromotions[].discountType,discountType,string,"ID of the discount type.","ID of the discount type.","TicketUtils.js#L698-L703 → se propaga desde m.discountType",OK,"Descripción correcta."
ℹ️ MEJORABLE,CALCULATE_DISCOUNTS,RESPONSE,│   │           ├── value,data.ticket.discountengine.discountsFromUser.manualPromotions[].value,value,string,"Identifier of the discount type.","Search key of the discount type (discountTypeSearchKey).","TicketUtils.js#L698-L703 → se propaga desde m.value",Parcial,"La descripción del YML es vaga. En realidad es el discountTypeSearchKey."
✅ OK,CALCULATE_DISCOUNTS,RESPONSE,│   │           ├── obdiscAmt,data.ticket.discountengine.discountsFromUser.manualPromotions[].obdiscAmt,obdiscAmt,number,"Amount of the discount if the discount type is Discretionary Fixed Amount or User Defined Amount. Null or undefined otherwise.","Fixed discount amount.","TicketUtils.js#L698-L703 → se propaga desde m.obdiscAmt",OK,"Descripción correcta."
⚠️ ERROR DESC,CALCULATE_DISCOUNTS,RESPONSE,│   │           ├── obdiscPercentage,data.ticket.discountengine.discountsFromUser.manualPromotions[].obdiscPercentage,obdiscPercentage,number,"Amount of the discount if the discount type is Discretionary Fixed Percentage or User Defined Percentage. Null or undefined otherwise.","Discount percentage.","TicketUtils.js#L698-L703 → se propaga desde m.obdiscPercentage",Parcial,"La descripción del YML dice 'Amount' pero es un PORCENTAJE."
⚠️ ERROR DESC,CALCULATE_DISCOUNTS,RESPONSE,│   │           ├── obdiscLineFinalgross,data.ticket.discountengine.discountsFromUser.manualPromotions[].obdiscLineFinalgross,obdiscLineFinalgross,number,"Amount of the discount if the discount type is User Defined Line Amount. Null or undefined otherwise.","Desired final gross price of the line, not the discount amount itself.","TicketUtils.js#L698-L703 → se propaga desde m.obdiscLineFinalgross",Parcial,"La descripción del YML dice 'Amount of the discount' pero en realidad es el precio final deseado de la línea."
✅ OK,CALCULATE_DISCOUNTS,RESPONSE,│   │           ├── linesToApply,data.ticket.discountengine.discountsFromUser.manualPromotions[].linesToApply,linesToApply,array of string,"Array containing the ID of the lines that are affected by the discount.","Array with the IDs of the lines affected by the discount.","TicketUtils.js#L698-L703 → se propaga desde m.linesToApply",OK,"Descripción correcta."
✅ OK,CALCULATE_DISCOUNTS,RESPONSE,│   │           └── isExternalConfirmedDiscount,data.ticket.discountengine.discountsFromUser.manualPromotions[].isExternalConfirmedDiscount,isExternalConfirmedDiscount,boolean,"Indicates if the discount was sent by the external system or not. Can be used to identify candidates.","Indicates if the discount was confirmed by the external system. Used as a filter: discounts with isExternalConfirmedDiscount=true are EXCLUDED from manualPromotionsFromUser.","TicketUtils.js#L695 → filtra !m.isExternalConfirmedDiscount para evitar duplicados",OK,"Descripción correcta."
ℹ️ MEJORABLE,CALCULATE_DISCOUNTS,RESPONSE,│   └── availableOptionalPromotions,data.ticket.availableOptionalPromotions,availableOptionalPromotions,array,"Array containing the information of the optional discounts applied to lines.","Array of AVAILABLE optional discounts (not necessarily applied). Processed in DiscountsEngineSimulator.js: aggregated by searchKey, marked as applied if they are in optionalPromotions of the request, and sorted alphabetically.","DiscountsEngineSimulator.js#L103-L127 → parseResponse() construye y ordena availableOptionalPromotions",Parcial,"La descripción del YML dice 'discounts applied to lines' pero en realidad son descuentos DISPONIBLES. El campo discountApplied indica si están aplicados o no."
✅ OK,CALCULATE_DISCOUNTS,RESPONSE,│       ├── searchKey,data.ticket.availableOptionalPromotions[].searchKey,searchKey,string,"Search key of the discount.","Search key of the optional discount. Used to match with the optionalPromotions of the request and determine discountApplied.","DiscountsEngineSimulator.js#L115-L116 → discountApplied: optionalPromotions.some(o => o.searchKey === p.searchKey)",OK,"Descripción correcta."
✅ OK,CALCULATE_DISCOUNTS,RESPONSE,│       ├── name,data.ticket.availableOptionalPromotions[].name,name,string,"Discount name. Will be used to show it in the UI.","Optional discount name for the UI.","DiscountsEngineSimulator.js#L123 → name: discountName",OK,"Descripción correcta."
✅ OK,CALCULATE_DISCOUNTS,RESPONSE,│       ├── description,data.ticket.availableOptionalPromotions[].description,description,string,"Discount description to be used to give extra info in the UI.","Optional discount description. Fallback: p.description || discountName.","DiscountsEngineSimulator.js#L109 → discountDesc = p.description || discountName",OK,"Descripción correcta."
ℹ️ MEJORABLE,CALCULATE_DISCOUNTS,RESPONSE,│       ├── amount,data.ticket.availableOptionalPromotions[].amount,amount,string,"Discount amount to show in the UI.","Optional discount amount to display in UI. Calculated as p.obdiscAmt || p.amt. It is string for display formatting.","DiscountsEngineSimulator.js#L119 → amount: p.obdiscAmt || p.amt",Parcial,"La descripción del YML es correcta pero no menciona que acepta obdiscAmt o amt como fuente."
✅ OK,CALCULATE_DISCOUNTS,RESPONSE,│       └── discountApplied,data.ticket.availableOptionalPromotions[].discountApplied,discountApplied,boolean,"The property is used to determine if an optional discount has been applied to the ticket.","Indicates if the optional discount is already applied. Determined by checking if the searchKey exists in the optionalPromotions of the request.","DiscountsEngineSimulator.js#L115-L116 → discountApplied: optionalPromotions.some(o => o.searchKey === p.searchKey)",OK,"Descripción correcta."
✅ OK,GET_ITEM_DISCOUNTS,REQUEST,action,action,action,string,"Fixed value for the present request (enum: GET_ITEM_DISCOUNTS).","Fixed value 'GET_ITEM_DISCOUNTS'. Defined in TicketUtils.js → getItemDiscounts().","TicketUtils.js#L83 → getItemDiscounts() devuelve 'GET_ITEM_DISCOUNTS'; TicketUtils.js#L271 → requestProductDiscounts() lo pasa a buildRequest()",OK,"Descripción correcta."
✅ OK,GET_ITEM_DISCOUNTS,REQUEST,terminal,terminal,terminal,object,"Common terminal object (injected from commonClientAPIProperties-schema)","Terminal object built in createRequestHeader(). Same as in CALCULATE_DISCOUNTS.","TicketUtils.js#L196-L203 → createRequestHeader() construye terminal con ID, operator, locale, businessUnit, touchpointType",OK,"Descripción correcta. Se inyecta desde el schema común."
✅ OK,GET_ITEM_DISCOUNTS,REQUEST,serviceId,serviceId,serviceId,string,"Common service ID (injected from commonClientAPIProperties-schema)","Random 10-digit ID generated with crypto.getRandomValues(). Same mechanism as in CALCULATE_DISCOUNTS.","TicketUtils.js#L189-L192 → createServiceID(); TicketUtils.js#L204 → createRequestHeader() lo asigna",OK,"Descripción correcta."
✅ OK,GET_ITEM_DISCOUNTS,REQUEST,sessionId,sessionId,sessionId,string,"Session ID that identifies the current session.","Session ID. In GET_ITEM_DISCOUNTS null is passed since requestProductDiscounts() calls buildRequest() with an object without cdiscExternalresponse, so getSessionId() returns null.","TicketUtils.js#L271 → buildRequest({ product: getProductObject(product) }, getItemDiscounts()); TicketUtils.js#L231 → getSessionId(requestData) devuelve null porque no hay cdiscExternalresponse",OK,"Descripción correcta."
✅ OK,GET_ITEM_DISCOUNTS,REQUEST,├── organization,data.organization,organization,object,"Object that contains information of the organization doing the request.","Object with organization info. Built in createRequestHeader() from context.organization. Same as in CALCULATE_DISCOUNTS.","TicketUtils.js#L206-L210 → createRequestHeader() construye data.organization",OK,"Descripción correcta."
✅ OK,GET_ITEM_DISCOUNTS,REQUEST,│   ├── id,data.organization.id,id,string,"Organization ID.","Organization ID from the terminal context.","TicketUtils.js#L207 → context.organization.id",OK,"Descripción correcta."
✅ OK,GET_ITEM_DISCOUNTS,REQUEST,│   ├── _identifier,data.organization._identifier,_identifier,string,"Name of the Organization.","Organization name from the terminal context.","TicketUtils.js#L209 → context.organization._identifier",OK,"Descripción correcta."
✅ OK,GET_ITEM_DISCOUNTS,REQUEST,│   └── searchKey,data.organization.searchKey,searchKey,string,"Searchkey of the Organization.","Search key of the organization from the terminal context.","TicketUtils.js#L210 → context.organization.searchKey",OK,"Descripción correcta."
✅ OK,GET_ITEM_DISCOUNTS,REQUEST,├── product,data.product,product,object,"Object that contains the product information.","Object with product info. Built in getProductObject() with the same fields as in CALCULATE_DISCOUNTS.","TicketUtils.js#L271 → requestProductDiscounts() pasa getProductObject(product) como data.product; TicketUtils.js#L247-L261 → getProductObject()",OK,"Descripción correcta."
✅ OK,GET_ITEM_DISCOUNTS,REQUEST,│   ├── id,data.product.id,id,string,"Product ID.","Product ID.","TicketUtils.js#L251 → getProductObject() asigna product.id",OK,"Descripción correcta."
✅ OK,GET_ITEM_DISCOUNTS,REQUEST,│   ├── _identifier,data.product._identifier,_identifier,string,"Product name.","Product name.","TicketUtils.js#L253 → getProductObject() asigna product._identifier",OK,"Descripción correcta."
✅ OK,GET_ITEM_DISCOUNTS,REQUEST,│   ├── searchKey,data.product.searchKey,searchKey,string,"Search key of the Product.","Search key of the product. Same as in CALCULATE_DISCOUNTS, it is sent duplicated as 'searchkey' and 'searchKey' for backward compatibility.","TicketUtils.js#L255-L256 → getProductObject() asigna product.searchkey en ambas variantes",OK,"Descripción correcta."
✅ OK,GET_ITEM_DISCOUNTS,REQUEST,│   ├── upc,data.product.upc,upc,string,"UPC of the product.","UPC/EAN code of the product. Mapped from product.uPCEAN.","TicketUtils.js#L254 → getProductObject() asigna product.uPCEAN como upc",OK,"Descripción correcta."
✅ OK,GET_ITEM_DISCOUNTS,REQUEST,│   ├── listPrice,data.product.listPrice,listPrice,number,"Can be ignored.","List price of the product. The YML itself indicates it can be ignored.","TicketUtils.js#L258 → getProductObject() asigna product.listPrice",OK,"Descripción honesta: 'Can be ignored'."
✅ OK,GET_ITEM_DISCOUNTS,REQUEST,│   ├── standardPrice,data.product.standardPrice,standardPrice,number,"Can be ignored.","Standard price of the product. The YML itself indicates it can be ignored.","TicketUtils.js#L257 → getProductObject() asigna product.standardPrice",OK,"Descripción honesta: 'Can be ignored'."
✅ OK,GET_ITEM_DISCOUNTS,REQUEST,│   └── useExtPromotions,data.product.useExtPromotions,useExtPromotions,boolean,"Always true.","Indicates if the product uses external promotions. The YML indicates it is always true for this endpoint (only candidate products are queried).","TicketUtils.js#L259 → getProductObject() asigna product.useExtPromotions",OK,"Descripción correcta: 'Always true' para este endpoint."
✅ OK,GET_ITEM_DISCOUNTS,RESPONSE,├── sessionId,data.sessionId,sessionId,string,"Session ID that identifies the current session.","Session ID returned by the external system. In GET_ITEM_DISCOUNTS it is stored together with availablePromos in cdiscExternalresponse.","TicketUtils.js#L289 → requestProductDiscounts() retorna { ...response.data, cdiscExternalresponse: response }; DiscountsEngineSimulator.js#L310 → sessionId en respuesta test",OK,"Descripción correcta."
✅ OK,GET_ITEM_DISCOUNTS,RESPONSE,└── availablePromos,data.availablePromos,availablePromos,array,"Array that contains discounts information.","Array with information about available promotions for the product. Displayed in the 'Available Discounts' UI. If there is an error an empty array is returned.","TicketUtils.js#L283-L285 → si result es ERROR/FAILURE retorna { availablePromos: [] }; getItemResponse-schema.yml → required: [availablePromos]",OK,"Descripción correcta."
✅ OK,GET_ITEM_DISCOUNTS,RESPONSE,    └── promoInfo,data.availablePromos[].promoInfo,promoInfo,string,"Text to be displayed for each available promotion.","Text to display for each available promotion. Free format, informative.","DiscountsEngineSimulator.js#L314-L329 → promoInfo: '2€ Discount if buying more than 3', '4€ if the ticket total is greater than 200€'; getItemResponse-schema.yml → 'Text to be displayed'",OK,"Descripción correcta."
